Customer Birth Day,Customer Name,Customer ID,Region,Product Name,Xyz_123,Quantity Sold,Unit Price,Payment Method,Discount Applied
2024-06-20,Charlie Brown,1001.0,North,Keyboard,1,3,233.73785424175296,Debit Card,15.0
2024-08-22,David Lee,1004.0,South,Smartphone,2,6,391.6619298773793,Cash,5.0
2024-03-04,Alice Johnson,1005.0,West,Keyboard,4,6,456.6235299560578,Cash,0.0
2024-02-29,Charlie Brown,1001.0,South,Smartphone,1,5,154.74341619557993,Bank Transfer,
2023-10-31,Charlie Brown,1001.0,North,Monitor,3,4,413.3282136529781,Bank Transfer,15.0
2024-04-10,David Lee,1004.0,South,Keyboard,1,1,76.59225053521398,Debit Card,0.0
2023-05-11,Alice Johnson,1005.0,North,Monitor,3,6,454.4813246811113,Credit Card,0.0
2023-08-01,Alice Johnson,1005.0,South,Tablet,2,2,342.8458464014363,Bank Transfer,
2024-04-21,Charlie Brown,,North,Tablet,4,3,443.4020258622582,Bank Transfer,15.0
2023-11-11,Bob Smith,1006.0,North,Laptop,4,8,50.08477980046185,Cash,0.0
2023-04-03,Charlie Brown,1001.0,North,Keyboard,4,6,126.08648166019664,Bank Transfer,0.0
2023-09-23,Charlie Brown,1001.0,West,Monitor,2,3,225.39172434192145,Bank Transfer,15.0
2024-06-29,Charlie Brown,1001.0,South,Smartphone,3,7,220.77630651862336,Bank Transfer,10.0
2024-04-25,Charlie Brown,1001.0,South,Tablet,2,4,152.0286723155798,Bank Transfer,0.0
2023-08-24,David Lee,1004.0,South,Tablet,4,9,221.72537294024005,Cash,5.0
2023-07-08,Alice Johnson,1005.0,North,Smartphone,2,5,107.98192040011467,Debit Card,15.0
2024-03-15,David Lee,1004.0,South,Monitor,2,3,235.74250816971173,Debit Card,0.0
2024-02-01,David Lee,1004.0,South,Monitor,2,2,411.0594481216689,Credit Card,
2024-06-24,David Lee,1004.0,North,Keyboard,3,2,265.581528396508,Bank Transfer,5.0
2023-12-13,Charlie Brown,1001.0,East,Keyboard,1,3,58.10004002534674,Cash,0.0
2024-08-18,Bob Smith,1006.0,North,Laptop,1,2,239.64981871066132,Credit Card,5.0
2024-03-01,Alice Johnson,1005.0,South,Tablet,2,4,62.22875724087987,Credit Card,5.0
2023-11-22,Bob Smith,1006.0,North,Keyboard,1,2,484.8095348180592,Debit Card,10.0
2024-04-26,David Lee,1004.0,East,Monitor,1,9,107.35428174029104,Cash,5.0
2023-10-06,David Lee,1004.0,North,Smartphone,2,2,368.4597468487784,Cash,10.0
2024-02-24,Bob Smith,1006.0,South,Monitor,2,9,487.7493453014386,Cash,15.0
2024-08-04,Bob Smith,1006.0,East,Tablet,4,6,421.71757324995735,Debit Card,10.0
2023-12-06,Bob Smith,1006.0,West,Monitor,1,1,364.6919188067917,Debit Card,
2023-08-19,David Lee,1004.0,South,Laptop,3,4,427.7574092753451,Debit Card,0.0
2023-03-01,David Lee,1004.0,East,Tablet,2,1,491.8094119672824,Debit Card,15.0
2023-11-13,Alice Johnson,1005.0,East,Smartphone,4,6,329.6050237640883,Debit Card,15.0
2023-08-30,Alice Johnson,1005.0,West,Laptop,3,4,301.6331630731969,Bank Transfer,
2023-11-01,David Lee,,North,Tablet,1,3,332.7071497084766,Bank Transfer,10.0
2023-09-11,Bob Smith,,North,Smartphone,4,3,289.7041490426997,Cash,0.0
2023-01-13,Bob Smith,1006.0,South,Laptop,2,9,335.79009765937343,Credit Card,10.0
2024-01-07,Alice Johnson,1005.0,West,Laptop,3,6,252.4289935876517,Cash,5.0
2023-12-12,David Lee,1004.0,North,Tablet,2,9,148.29943229748818,Credit Card,10.0
2024-05-02,Alice Johnson,1005.0,West,Keyboard,1,5,104.11125193025404,Debit Card,15.0
2024-03-20,Alice Johnson,,North,Laptop,3,2,80.75342098951718,Credit Card,0.0
2023-01-22,Charlie Brown,1001.0,East,Laptop,1,8,168.49210268894004,Cash,10.0
2023-05-19,Charlie Brown,1001.0,North,Smartphone,1,5,70.75560395108022,Cash,0.0
2024-03-11,Charlie Brown,1001.0,West,Monitor,4,2,305.2268509637235,Credit Card,0.0
2023-03-30,Bob Smith,1006.0,East,Tablet,2,4,177.72280116058414,Bank Transfer,5.0
2024-02-28,David Lee,1004.0,East,Tablet,3,9,421.0406636391645,Debit Card,5.0
2023-09-09,David Lee,1004.0,East,Keyboard,1,4,83.4083928447739,Debit Card,15.0
2023-05-26,David Lee,1004.0,West,Keyboard,1,4,151.85817245366866,Cash,
2023-05-13,David Lee,1004.0,South,Tablet,3,2,378.6107661905656,Bank Transfer,0.0
2023-11-26,Charlie Brown,1001.0,South,Keyboard,1,6,319.46373337257114,Credit Card,
2023-11-12,Bob Smith,,South,Smartphone,4,2,79.0210720621254,Debit Card,15.0
2023-11-04,Bob Smith,1006.0,West,Tablet,4,7,444.75775572299017,Bank Transfer,0.0
2024-03-12,Charlie Brown,1001.0,East,Keyboard,4,3,444.7677932717808,Debit Card,0.0
2023-08-29,Bob Smith,1006.0,South,Tablet,4,3,198.68360174409824,Bank Transfer,
2024-02-22,Charlie Brown,1001.0,West,Monitor,1,5,203.1826295073041,Bank Transfer,10.0
2023-10-25,David Lee,1004.0,South,Laptop,3,3,495.0627612575783,Cash,5.0
2023-07-02,Charlie Brown,,North,Tablet,3,2,331.7792772169122,Debit Card,10.0
2023-08-07,David Lee,1004.0,South,Laptop,3,9,289.0924342556266,Credit Card,
2024-02-17,David Lee,1004.0,South,Keyboard,3,2,427.168482598366,Cash,5.0
2023-10-21,Alice Johnson,1005.0,East,Laptop,2,2,178.3806522607924,Cash,10.0
2023-03-25,Charlie Brown,1001.0,West,Tablet,3,8,243.1321670283606,Credit Card,5.0
2024-01-19,Alice Johnson,1005.0,East,Monitor,2,9,170.49950396975038,Cash,0.0
2023-11-16,Charlie Brown,1001.0,East,Keyboard,2,7,405.1223809649292,Bank Transfer,10.0
2024-07-08,Charlie Brown,1001.0,East,Tablet,4,3,308.0072055358481,Bank Transfer,5.0
2023-04-29,Alice Johnson,1005.0,East,Keyboard,2,9,346.4712815630317,Debit Card,5.0
2024-01-30,Alice Johnson,1005.0,East,Smartphone,1,3,163.53826242773297,Debit Card,5.0
2024-05-19,Charlie Brown,1001.0,South,Laptop,2,5,149.1013856197918,Credit Card,10.0
2023-07-06,Bob Smith,1006.0,East,Smartphone,4,9,269.7685830423224,Debit Card,15.0
2023-03-17,David Lee,1004.0,East,Tablet,2,3,381.904587091772,Bank Transfer,10.0
2024-01-14,Alice Johnson,1005.0,West,Monitor,1,7,286.35789088407205,Credit Card,
2023-04-27,David Lee,1004.0,North,Keyboard,1,1,64.69055489555087,Credit Card,10.0
2024-05-29,Bob Smith,1006.0,South,Laptop,1,4,440.84817784413,Debit Card,5.0
2024-08-02,Bob Smith,1006.0,South,Keyboard,4,4,79.10910208180921,Bank Transfer,0.0
2024-07-18,Bob Smith,1006.0,South,Tablet,4,7,480.1210176743385,Credit Card,10.0
2024-07-17,Alice Johnson,1005.0,East,Keyboard,3,8,61.31388122477273,Bank Transfer,10.0
2024-07-06,Bob Smith,1006.0,East,Laptop,4,1,362.5027052588189,Bank Transfer,5.0
2023-12-02,Alice Johnson,1005.0,East,Tablet,1,5,86.99317867030175,Bank Transfer,0.0
2024-04-07,Bob Smith,1006.0,West,Keyboard,1,7,459.8044607458128,Debit Card,0.0
2024-03-09,David Lee,1004.0,North,Monitor,4,4,258.99495630149426,Cash,
2023-07-27,David Lee,1004.0,East,Tablet,2,4,111.88569866765692,Cash,10.0
2023-09-12,Charlie Brown,1001.0,North,Tablet,4,4,203.36706490543096,Credit Card,0.0
2023-07-21,David Lee,1004.0,West,Monitor,4,6,124.17110390604292,Bank Transfer,0.0
2023-06-29,Charlie Brown,1001.0,South,Smartphone,1,7,126.7618602006905,Debit Card,15.0
2023-01-16,David Lee,1004.0,East,Laptop,3,2,476.648744077149,Bank Transfer,15.0
2023-04-17,Alice Johnson,1005.0,North,Smartphone,1,5,250.36075052815468,Bank Transfer,0.0
2024-07-02,David Lee,,North,Keyboard,3,4,404.9610187574118,Debit Card,
2024-07-10,Charlie Brown,1001.0,East,Monitor,1,3,337.82250252995686,Cash,0.0
2023-04-07,Charlie Brown,1001.0,South,Smartphone,4,7,354.3918630522765,Bank Transfer,5.0
2023-01-09,Bob Smith,1006.0,South,Tablet,1,6,109.26204731241734,Bank Transfer,10.0
2023-10-07,Alice Johnson,1005.0,South,Keyboard,1,7,155.38300106696855,Cash,
2024-05-09,David Lee,1004.0,West,Keyboard,1,5,404.0376508194966,Debit Card,5.0
2024-05-10,Bob Smith,1006.0,North,Smartphone,4,6,486.8447929136523,Credit Card,
2023-10-22,David Lee,1004.0,North,Smartphone,4,5,168.2040391693933,Cash,5.0
2023-11-09,David Lee,1004.0,North,Monitor,4,7,172.20594413796795,Credit Card,10.0
2024-02-25,Bob Smith,1006.0,West,Laptop,4,2,262.8037097649072,Credit Card,10.0
2023-03-08,Bob Smith,1006.0,North,Smartphone,3,5,492.728140784947,Cash,15.0
2024-04-24,Bob Smith,1006.0,West,Smartphone,3,6,171.03152562191198,Bank Transfer,5.0
2024-04-05,Bob Smith,1006.0,South,Tablet,2,6,233.13735933541875,Credit Card,15.0
2023-07-18,Bob Smith,1006.0,East,Keyboard,4,5,451.1660070305781,Credit Card,5.0
2024-06-15,David Lee,1004.0,North,Laptop,3,7,51.3144646796129,Debit Card,15.0
2023-06-21,Bob Smith,1006.0,North,Tablet,1,8,67.8946842448563,Bank Transfer,10.0
2024-05-07,Alice Johnson,1005.0,South,Monitor,4,7,321.83225468204864,Credit Card,
2024-06-19,Charlie Brown,1001.0,East,Monitor,2,5,458.32107412078113,Debit Card,15.0
2024-03-28,Bob Smith,1006.0,West,Smartphone,2,1,157.48549718086744,Bank Transfer,5.0
2023-04-30,Bob Smith,1006.0,East,Smartphone,2,5,261.3387986063191,Cash,5.0
2024-02-14,David Lee,1004.0,South,Monitor,1,2,252.70938574601823,Cash,10.0
2024-01-12,Bob Smith,1006.0,South,Smartphone,3,5,262.8371057429796,Debit Card,5.0
2023-06-22,Bob Smith,1006.0,East,Laptop,1,5,330.13386307838533,Cash,0.0
2023-05-28,Bob Smith,1006.0,West,Smartphone,4,2,261.3846933458077,Credit Card,
2023-04-11,David Lee,1004.0,West,Keyboard,2,5,251.360663595106,Bank Transfer,15.0
2023-06-18,Bob Smith,1006.0,North,Smartphone,1,4,263.4297891940672,Credit Card,
2024-07-14,Charlie Brown,1001.0,West,Tablet,1,1,315.8903485719687,Credit Card,10.0
2023-12-07,David Lee,1004.0,East,Laptop,3,3,291.65336975811124,Cash,15.0
2024-08-09,Charlie Brown,1001.0,South,Tablet,3,1,434.36119894272696,Credit Card,15.0
2023-07-20,David Lee,1004.0,North,Tablet,2,5,72.27358407214997,Cash,0.0
2024-03-27,Bob Smith,1006.0,North,Keyboard,1,4,424.9926821628556,Bank Transfer,10.0
2023-05-21,Charlie Brown,1001.0,South,Laptop,1,7,429.76607567527583,Bank Transfer,5.0
2023-03-16,David Lee,1004.0,West,Laptop,3,5,178.20860968893237,Credit Card,0.0
2023-01-23,Alice Johnson,1005.0,South,Laptop,1,4,258.2833797571328,Debit Card,0.0
2023-07-12,Bob Smith,1006.0,West,Laptop,1,2,247.342319841846,Cash,
2023-11-21,David Lee,1004.0,South,Laptop,1,4,148.32942545935862,Cash,
2023-01-15,Alice Johnson,1005.0,East,Keyboard,3,2,228.5585811888424,Credit Card,
2024-02-21,David Lee,1004.0,West,Smartphone,2,8,69.9744974768845,Cash,0.0
2023-09-16,Alice Johnson,1005.0,East,Tablet,4,3,175.0199327517805,Cash,5.0
2023-02-12,Bob Smith,1006.0,North,Laptop,2,9,417.5069789528232,Debit Card,15.0
2023-05-29,Charlie Brown,,South,Smartphone,4,4,178.0530357933039,Debit Card,
2023-04-18,Alice Johnson,1005.0,North,Smartphone,1,6,418.19300093671137,Credit Card,5.0
2023-09-20,David Lee,1004.0,North,Tablet,2,5,289.21975907199385,Debit Card,10.0
2023-03-28,Bob Smith,1006.0,North,Keyboard,4,1,445.938204812522,Credit Card,
2023-09-27,Alice Johnson,1005.0,North,Monitor,3,9,308.6507994189868,Bank Transfer,15.0
2023-06-28,David Lee,1004.0,South,Monitor,3,1,63.35070037913292,Credit Card,10.0
2023-05-12,David Lee,1004.0,North,Smartphone,2,8,353.9390933961901,Bank Transfer,10.0
2024-07-16,David Lee,1004.0,South,Tablet,2,9,70.1841056106059,Credit Card,15.0
2024-04-08,Alice Johnson,1005.0,South,Monitor,1,9,252.7686585424103,Cash,
2024-03-19,Alice Johnson,1005.0,East,Smartphone,2,1,468.2420125129013,Debit Card,0.0
2024-01-31,Alice Johnson,1005.0,West,Keyboard,1,2,124.34177270203256,Bank Transfer,15.0
2024-04-17,Charlie Brown,,West,Monitor,1,1,225.44255882369484,Credit Card,15.0
2024-03-22,Alice Johnson,1005.0,South,Smartphone,3,2,378.4371389818153,Debit Card,15.0
2024-03-02,Alice Johnson,1005.0,East,Smartphone,3,8,447.0163502426814,Credit Card,10.0
2024-07-13,Alice Johnson,1005.0,South,Laptop,4,5,351.9243521341285,Debit Card,5.0
2024-05-17,Charlie Brown,1001.0,South,Keyboard,3,7,166.17796438602613,Debit Card,0.0
2023-10-14,Alice Johnson,1005.0,South,Laptop,3,2,353.5735338122973,Credit Card,
2024-03-31,David Lee,1004.0,East,Tablet,2,8,183.5274384968405,Bank Transfer,
2023-02-21,Alice Johnson,1005.0,West,Laptop,3,6,373.2931534184309,Bank Transfer,5.0
2024-05-05,David Lee,1004.0,East,Laptop,4,8,479.31490741326826,Cash,15.0
2023-11-14,David Lee,1004.0,North,Monitor,2,1,374.6270529978297,Debit Card,0.0
2023-06-27,David Lee,1004.0,East,Smartphone,4,1,438.2962263105856,Cash,
2023-12-22,Charlie Brown,1001.0,East,Keyboard,3,7,50.94672942914754,Cash,
2024-08-07,Charlie Brown,1001.0,East,Laptop,4,8,372.9074561292175,Credit Card,15.0
2023-08-26,Charlie Brown,1001.0,East,Keyboard,2,3,423.31440058936266,Credit Card,5.0
2023-03-10,Alice Johnson,1005.0,West,Laptop,1,5,68.25143189510663,Credit Card,0.0
2023-06-14,David Lee,1004.0,North,Tablet,4,1,442.2189772797038,Debit Card,5.0
2023-07-31,Charlie Brown,1001.0,West,Laptop,4,7,165.5124027395206,Credit Card,5.0
2023-07-13,Charlie Brown,1001.0,West,Monitor,2,5,349.38144589012484,Credit Card,0.0
2023-06-05,Alice Johnson,1005.0,East,Smartphone,2,8,410.159695560533,Debit Card,0.0
2024-07-29,Charlie Brown,1001.0,South,Tablet,4,8,348.19903087671,Debit Card,
2023-04-16,Alice Johnson,1005.0,South,Laptop,3,9,91.52815643296576,Bank Transfer,
2023-02-15,Bob Smith,1006.0,West,Keyboard,4,7,318.3446834871657,Credit Card,0.0
2023-07-09,Charlie Brown,1001.0,West,Tablet,2,1,297.31264552496464,Credit Card,10.0
2023-03-02,Bob Smith,1006.0,East,Tablet,1,3,455.1445706334222,Credit Card,
2024-02-08,Alice Johnson,1005.0,West,Laptop,1,8,231.90787833989413,Bank Transfer,10.0
2023-06-08,David Lee,1004.0,East,Tablet,3,3,194.48649368917256,Credit Card,0.0
2023-09-24,Charlie Brown,1001.0,South,Keyboard,4,8,387.4328439964098,Bank Transfer,
2023-07-04,Alice Johnson,1005.0,South,Tablet,1,1,235.70389673752848,Cash,5.0
2023-04-01,David Lee,1004.0,North,Keyboard,4,5,340.74327875227834,Bank Transfer,0.0
2023-08-10,David Lee,1004.0,South,Laptop,2,4,340.9025405560731,Cash,15.0
2023-03-05,Bob Smith,1006.0,West,Smartphone,1,5,449.617578962053,Credit Card,10.0
2024-01-27,Alice Johnson,1005.0,South,Tablet,3,8,319.4115810435938,Cash,0.0
2024-03-25,David Lee,1004.0,East,Smartphone,2,4,275.96912448289413,Bank Transfer,0.0
2024-05-03,Charlie Brown,1001.0,South,Keyboard,3,4,112.49209687843263,Debit Card,
2023-11-23,Charlie Brown,1001.0,North,Tablet,2,3,102.08192300541742,Cash,
2024-03-14,Bob Smith,1006.0,South,Monitor,1,7,119.44470437738572,Cash,
2024-01-16,David Lee,1004.0,East,Smartphone,3,3,127.33181659719251,Credit Card,15.0
2024-05-20,Alice Johnson,1005.0,East,Tablet,3,3,337.04469169863523,Bank Transfer,
2023-04-21,Charlie Brown,1001.0,West,Smartphone,2,5,383.44156262356034,Cash,0.0
2023-10-13,David Lee,1004.0,South,Tablet,3,5,288.4961853168884,Cash,
2023-07-07,David Lee,1004.0,East,Laptop,2,6,423.057979645471,Cash,5.0
2023-05-30,Bob Smith,1006.0,North,Smartphone,2,8,496.06845203013495,Cash,
2023-12-28,Charlie Brown,1001.0,West,Monitor,2,6,419.0056831037102,Debit Card,15.0
2024-03-03,Charlie Brown,1001.0,North,Monitor,2,1,362.6970681541816,Bank Transfer,5.0
2023-09-13,Alice Johnson,1005.0,South,Keyboard,1,8,289.62171474671595,Credit Card,0.0
2024-06-02,Charlie Brown,1001.0,South,Tablet,2,8,251.9838822536187,Credit Card,0.0
2023-06-26,Alice Johnson,1005.0,South,Smartphone,4,9,87.97657124504406,Debit Card,10.0
2023-01-20,Charlie Brown,1001.0,West,Keyboard,3,9,229.7159367776109,Bank Transfer,5.0
2023-01-29,Bob Smith,1006.0,East,Smartphone,4,2,459.5605865519604,Cash,10.0
2023-08-16,Charlie Brown,1001.0,West,Tablet,1,2,413.6101834579488,Debit Card,5.0
2023-05-24,Alice Johnson,1005.0,North,Monitor,4,3,147.22311425525925,Bank Transfer,5.0
2023-11-06,Alice Johnson,1005.0,West,Laptop,3,1,259.97350311374714,Cash,15.0
2024-08-03,Bob Smith,1006.0,North,Monitor,4,4,417.525441151345,Debit Card,10.0
2023-08-04,Charlie Brown,1001.0,West,Keyboard,1,4,80.32304965348513,Bank Transfer,15.0
2023-04-24,Charlie Brown,1001.0,East,Laptop,2,9,224.32666355089668,Credit Card,5.0
2024-05-16,Bob Smith,1006.0,North,Keyboard,4,9,433.32855659327646,Credit Card,0.0
2024-02-16,Charlie Brown,1001.0,South,Tablet,1,9,231.75403887655568,Bank Transfer,5.0
2024-08-05,Charlie Brown,1001.0,South,Laptop,1,7,84.9265901291484,Credit Card,15.0
2024-02-07,Alice Johnson,1005.0,West,Keyboard,3,2,294.1404658395131,Bank Transfer,10.0
2023-11-10,Charlie Brown,1001.0,South,Tablet,3,5,437.7841227132329,Cash,10.0
2024-03-07,Charlie Brown,1001.0,North,Monitor,4,4,315.6284943289219,Bank Transfer,15.0
2023-01-12,Bob Smith,1006.0,South,Tablet,2,8,151.8255986964043,Cash,10.0
2024-05-12,Bob Smith,1006.0,East,Smartphone,1,2,222.9078290618216,Debit Card,
2024-02-05,David Lee,1004.0,East,Tablet,4,6,252.55551253186948,Bank Transfer,0.0
2023-11-05,Alice Johnson,1005.0,West,Tablet,1,5,310.6698592192371,Debit Card,0.0
2023-01-24,Charlie Brown,1001.0,North,Smartphone,1,2,391.7079615886759,Credit Card,0.0
2023-01-14,Charlie Brown,1001.0,East,Keyboard,2,1,94.49312793828594,Cash,10.0
2024-06-06,David Lee,1004.0,East,Keyboard,2,8,450.34341485790486,Bank Transfer,10.0
2023-05-06,Charlie Brown,1001.0,North,Tablet,4,2,55.539366357234016,Debit Card,5.0
2024-04-19,Alice Johnson,1005.0,South,Smartphone,2,7,216.5235506034149,Cash,5.0
2024-05-18,David Lee,1004.0,South,Smartphone,2,9,62.339139487695945,Cash,0.0
2023-06-12,Alice Johnson,1005.0,West,Monitor,4,9,226.83840140538103,Credit Card,
2024-06-18,David Lee,1004.0,South,Keyboard,2,8,286.6156694929957,Credit Card,5.0
2023-02-22,David Lee,1004.0,North,Laptop,3,9,280.25662396168025,Cash,5.0
2023-03-29,Bob Smith,1006.0,East,Keyboard,1,2,124.5327561627194,Cash,10.0
2023-07-03,Alice Johnson,1005.0,South,Keyboard,1,6,340.58322954302554,Bank Transfer,
2023-02-23,Charlie Brown,1001.0,West,Monitor,1,4,70.1503027271007,Cash,0.0
2023-06-04,Charlie Brown,1001.0,South,Laptop,1,4,392.8580690595869,Bank Transfer,5.0
2023-09-03,Alice Johnson,1005.0,North,Monitor,4,5,475.9899952970958,Cash,
2023-03-11,Charlie Brown,1001.0,West,Laptop,1,3,202.89597221800304,Credit Card,
2023-02-09,Charlie Brown,1001.0,South,Tablet,1,1,282.7577217714494,Bank Transfer,0.0
2024-06-14,Alice Johnson,1005.0,West,Laptop,1,8,220.5096251264665,Debit Card,
2023-07-10,David Lee,1004.0,North,Monitor,1,5,53.01967563682698,Credit Card,
2023-12-08,Alice Johnson,1005.0,East,Keyboard,3,3,223.64352630280217,Bank Transfer,
2023-10-10,David Lee,1004.0,North,Laptop,1,7,406.27411666760594,Bank Transfer,5.0
2023-09-05,Charlie Brown,1001.0,North,Laptop,3,7,318.1949789825668,Debit Card,0.0
2023-10-19,Charlie Brown,1001.0,North,Smartphone,4,1,95.56696157682153,Bank Transfer,
2023-01-27,Charlie Brown,1001.0,North,Keyboard,2,9,431.2127703622033,Cash,
2024-01-02,Bob Smith,1006.0,East,Tablet,1,2,288.98840519835926,Debit Card,5.0
2023-03-18,David Lee,1004.0,East,Monitor,2,5,428.7755127851042,Credit Card,0.0
2023-05-22,Bob Smith,1006.0,West,Tablet,2,5,311.0996834532632,Credit Card,10.0
2023-07-29,Bob Smith,1006.0,South,Keyboard,4,8,301.85980017707294,Cash,5.0
2023-06-20,Alice Johnson,1005.0,East,Laptop,2,8,97.36663333865556,Credit Card,0.0
2023-01-03,Bob Smith,1006.0,East,Laptop,3,7,125.31187991238258,Bank Transfer,
2023-12-31,Alice Johnson,1005.0,South,Keyboard,2,7,487.411365423466,Bank Transfer,0.0
2024-06-16,Alice Johnson,1005.0,East,Laptop,2,6,152.81903603964685,Cash,0.0
2024-05-22,Bob Smith,1006.0,North,Laptop,2,6,489.8534530956656,Credit Card,0.0
2023-06-06,David Lee,1004.0,North,Laptop,1,9,289.3607179359185,Credit Card,10.0
2023-03-19,David Lee,1004.0,South,Monitor,1,6,111.10507117877172,Cash,0.0
2023-06-30,David Lee,1004.0,West,Monitor,3,2,94.68599123916184,Debit Card,10.0
2023-05-20,David Lee,1004.0,West,Smartphone,3,2,143.988831817583,Credit Card,
2023-08-02,David Lee,1004.0,South,Tablet,1,5,466.5367985114011,Debit Card,10.0
2024-01-11,Bob Smith,1006.0,South,Keyboard,3,4,236.36760094770204,Credit Card,
2024-02-23,Bob Smith,1006.0,North,Keyboard,1,2,227.94542059681143,Credit Card,
2023-03-14,Charlie Brown,1001.0,West,Keyboard,4,3,190.94281748157832,Credit Card,10.0
2024-07-20,David Lee,1004.0,East,Smartphone,2,7,116.17783275496475,Credit Card,5.0
2023-03-04,Bob Smith,1006.0,North,Monitor,2,8,269.5330387365829,Bank Transfer,15.0
2024-02-12,Charlie Brown,1001.0,South,Smartphone,3,6,108.5215021300124,Debit Card,0.0
2023-01-18,David Lee,,West,Keyboard,1,5,425.9661063720474,Debit Card,15.0
2024-08-01,Alice Johnson,1005.0,East,Tablet,1,1,216.6786438238879,Credit Card,0.0
2024-08-14,Charlie Brown,1001.0,East,Laptop,3,8,218.6616055018084,Credit Card,0.0
2024-06-30,Bob Smith,1006.0,North,Monitor,1,3,263.3028928174201,Debit Card,
2023-02-03,Alice Johnson,1005.0,West,Monitor,4,6,249.85747092458823,Bank Transfer,0.0
2023-09-19,Alice Johnson,1005.0,West,Smartphone,2,3,497.6860878766946,Cash,0.0
2023-05-10,Alice Johnson,1005.0,South,Monitor,3,7,295.42150454823616,Cash,10.0
2024-03-23,Charlie Brown,1001.0,West,Keyboard,3,7,89.6907667054418,Debit Card,15.0
2023-05-18,Bob Smith,,West,Keyboard,1,9,323.0948037096185,Credit Card,10.0
2023-01-19,Alice Johnson,1005.0,North,Smartphone,3,5,118.21293179144598,Credit Card,0.0
2024-05-23,David Lee,1004.0,West,Keyboard,4,8,63.92194012910389,Bank Transfer,
2023-05-25,Alice Johnson,1005.0,East,Tablet,1,8,486.8339691547617,Cash,10.0
2024-06-26,Alice Johnson,1005.0,North,Smartphone,1,1,398.0925011905538,Bank Transfer,10.0
2024-03-17,Charlie Brown,1001.0,North,Tablet,1,5,491.0490465861951,Cash,5.0
2023-01-05,Charlie Brown,1001.0,South,Laptop,1,3,265.0453016100091,Debit Card,0.0
2023-02-07,Bob Smith,1006.0,West,Tablet,4,1,289.5158890170393,Cash,
2023-09-26,David Lee,1004.0,South,Laptop,1,4,125.7516301636086,Bank Transfer,10.0
2024-06-09,Charlie Brown,1001.0,East,Laptop,3,8,161.10834200041353,Bank Transfer,10.0
2023-06-03,Alice Johnson,1005.0,North,Tablet,4,3,427.3471467062727,Bank Transfer,
2023-12-24,Bob Smith,1006.0,North,Smartphone,2,2,210.28354120291735,Debit Card,0.0
2023-07-22,Alice Johnson,1005.0,North,Keyboard,2,9,422.0667382083885,Cash,5.0
2023-10-30,Alice Johnson,1005.0,East,Keyboard,3,5,369.0561759291643,Cash,10.0
2024-02-27,Charlie Brown,1001.0,East,Laptop,3,7,129.72691637233947,Bank Transfer,5.0
2023-10-17,Bob Smith,,South,Laptop,4,2,278.350864753884,Cash,15.0
2024-07-21,David Lee,1004.0,South,Smartphone,2,9,354.8242946834226,Credit Card,0.0
2023-05-14,David Lee,1004.0,South,Monitor,2,9,155.7667466617213,Credit Card,15.0
2023-06-11,Charlie Brown,1001.0,West,Tablet,2,4,423.80982973403457,Credit Card,15.0
2023-09-25,Charlie Brown,1001.0,North,Laptop,2,4,295.172445895334,Cash,15.0
2024-06-21,Bob Smith,1006.0,North,Keyboard,2,6,124.35892269917144,Debit Card,0.0
2023-10-08,David Lee,1004.0,South,Smartphone,1,6,312.3429917740711,Debit Card,0.0
2023-01-21,David Lee,1004.0,North,Tablet,3,1,499.87121187016135,Debit Card,
2024-04-11,David Lee,1004.0,South,Smartphone,1,9,117.7346712485361,Debit Card,5.0
2024-01-21,Alice Johnson,1005.0,West,Tablet,2,2,417.5406185537876,Credit Card,5.0
2023-12-03,David Lee,1004.0,West,Tablet,4,5,143.28905143440107,Credit Card,
2023-05-01,Alice Johnson,1005.0,East,Laptop,4,9,402.0747482570393,Bank Transfer,
2024-04-13,Bob Smith,1006.0,West,Smartphone,2,4,380.560065404636,Cash,15.0
2024-02-19,Alice Johnson,1005.0,South,Smartphone,2,3,185.22022352019457,Cash,
2024-08-10,Bob Smith,1006.0,West,Keyboard,4,7,196.6204029040024,Debit Card,10.0
2023-02-11,David Lee,1004.0,East,Keyboard,1,6,406.6346263833136,Credit Card,5.0
2024-05-11,David Lee,1004.0,North,Laptop,1,8,257.65048034929066,Debit Card,
2023-10-16,Bob Smith,1006.0,South,Laptop,2,3,378.86811292031393,Bank Transfer,10.0
2024-04-03,Charlie Brown,1001.0,North,Monitor,1,5,116.59286631462564,Cash,10.0
2024-07-27,Bob Smith,1006.0,East,Keyboard,4,4,433.6510018556991,Cash,10.0
2023-09-15,Charlie Brown,1001.0,East,Tablet,1,4,369.8981225070436,Debit Card,10.0
2023-09-02,Alice Johnson,1005.0,East,Smartphone,2,4,458.12426397567526,Bank Transfer,15.0
2023-11-15,Alice Johnson,1005.0,North,Laptop,4,8,109.5675705657376,Cash,10.0
2023-12-23,Alice Johnson,1005.0,North,Smartphone,1,6,316.8565251622689,Bank Transfer,15.0
2023-06-10,David Lee,1004.0,North,Smartphone,3,3,319.6042632681463,Bank Transfer,15.0
2023-12-14,Alice Johnson,1005.0,North,Monitor,4,5,209.0573332460521,Debit Card,10.0
2023-10-05,Charlie Brown,1001.0,East,Keyboard,4,6,256.309891056166,Credit Card,5.0
2024-02-26,Alice Johnson,1005.0,East,Laptop,3,5,67.09170348043406,Debit Card,10.0
2023-04-22,Bob Smith,1006.0,South,Smartphone,3,6,385.6370173821554,Credit Card,10.0
2023-06-01,Bob Smith,1006.0,South,Laptop,4,8,297.1951157314283,Bank Transfer,10.0
2023-11-28,David Lee,1004.0,North,Tablet,3,7,75.9834733411282,Credit Card,5.0
2023-03-21,Bob Smith,1006.0,West,Monitor,2,5,356.3401518322185,Bank Transfer,0.0
2023-09-07,Charlie Brown,1001.0,West,Tablet,2,6,260.05193475403456,Cash,0.0
2024-06-27,Alice Johnson,1005.0,East,Laptop,2,4,65.50756674125,Cash,15.0
2024-03-18,David Lee,1004.0,East,Laptop,4,9,486.3234770816429,Cash,15.0
2024-05-28,Alice Johnson,1005.0,East,Keyboard,3,4,477.1004643902482,Debit Card,5.0
2024-04-02,Alice Johnson,1005.0,South,Smartphone,3,1,280.80608726623893,Debit Card,
2024-02-09,Charlie Brown,1001.0,South,Smartphone,1,7,92.1525893176596,Bank Transfer,0.0
2023-07-19,Bob Smith,1006.0,East,Tablet,1,7,389.5795497193663,Cash,15.0
2024-04-01,Bob Smith,1006.0,East,Monitor,3,4,271.3689950475781,Debit Card,0.0
2023-07-14,Alice Johnson,,East,Smartphone,3,3,186.10136523022092,Cash,5.0
2024-05-01,David Lee,1004.0,West,Keyboard,3,8,271.1381798878506,Debit Card,5.0
2024-07-07,Bob Smith,1006.0,South,Tablet,4,5,285.099865432459,Credit Card,
2023-07-25,David Lee,,West,Tablet,3,7,303.22026456005267,Credit Card,
2023-12-26,Bob Smith,1006.0,West,Keyboard,1,4,248.5506711448969,Cash,5.0
2023-09-04,David Lee,1004.0,East,Monitor,4,4,322.5898864125755,Bank Transfer,15.0
2023-12-27,Charlie Brown,1001.0,East,Keyboard,3,8,463.4306197728698,Debit Card,0.0
2023-12-18,David Lee,1004.0,North,Monitor,1,8,213.02063919436603,Debit Card,10.0
2023-03-27,Charlie Brown,1001.0,North,Keyboard,4,2,376.5724084489771,Credit Card,
2024-06-22,Charlie Brown,1001.0,West,Keyboard,3,2,452.5036505709045,Credit Card,10.0
2023-02-17,David Lee,1004.0,South,Laptop,3,3,255.1906740919716,Bank Transfer,15.0
2023-01-08,Charlie Brown,1001.0,East,Tablet,3,3,249.5551263718569,Bank Transfer,
2023-12-25,Alice Johnson,1005.0,East,Keyboard,4,1,320.9526434096508,Bank Transfer,10.0
2024-08-21,Charlie Brown,,West,Keyboard,1,3,316.13304174011967,Cash,15.0
2023-12-05,Bob Smith,1006.0,North,Smartphone,1,6,412.9652040468246,Credit Card,0.0
2024-02-11,David Lee,1004.0,South,Tablet,2,8,264.4175227002317,Cash,15.0
2023-08-15,Alice Johnson,,North,Smartphone,3,6,498.2553273377485,Credit Card,
2023-02-08,David Lee,1004.0,North,Tablet,2,5,76.76220599027636,Credit Card,5.0
2023-11-30,Bob Smith,1006.0,North,Smartphone,2,4,51.42553186131578,Debit Card,0.0
2023-08-25,Bob Smith,1006.0,North,Keyboard,1,3,338.0892402018307,Credit Card,10.0
2024-01-08,Bob Smith,1006.0,East,Keyboard,4,4,184.2957105628445,Credit Card,
2023-04-04,Charlie Brown,1001.0,East,Laptop,4,7,158.17207491476773,Cash,5.0
2024-07-22,Charlie Brown,1001.0,North,Smartphone,1,1,190.3545860019262,Credit Card,15.0
2024-07-05,David Lee,1004.0,South,Monitor,4,7,165.22140429722944,Cash,5.0
2023-08-18,David Lee,1004.0,West,Laptop,2,1,63.85552234720153,Bank Transfer,
2024-04-12,Alice Johnson,1005.0,South,Smartphone,3,2,487.1898690757649,Credit Card,
2023-12-17,Alice Johnson,,South,Smartphone,1,4,149.33546980375178,Credit Card,5.0
2023-04-09,David Lee,1004.0,South,Laptop,3,1,380.3133931651879,Cash,15.0
2024-07-11,Charlie Brown,1001.0,North,Keyboard,4,9,393.1683776123789,Bank Transfer,5.0
2023-02-25,Bob Smith,1006.0,East,Smartphone,3,6,468.1658291032532,Debit Card,
2024-05-24,David Lee,1004.0,South,Keyboard,4,1,63.747255692020985,Bank Transfer,
2023-07-26,Alice Johnson,1005.0,North,Laptop,4,1,442.4217523011535,Cash,10.0
2023-02-01,Charlie Brown,1001.0,South,Keyboard,2,6,287.2517813779101,Bank Transfer,10.0
2023-02-20,David Lee,1004.0,South,Tablet,4,4,334.64484948462257,Cash,0.0
2023-11-27,David Lee,1004.0,North,Monitor,2,4,340.01162470446513,Cash,
2023-12-01,Charlie Brown,1001.0,East,Smartphone,2,6,418.9090122431274,Debit Card,10.0
2024-08-06,David Lee,1004.0,East,Monitor,2,7,200.03329497159973,Credit Card,5.0
2024-04-23,Charlie Brown,1001.0,West,Keyboard,1,9,379.873035436997,Cash,15.0
2023-07-30,Bob Smith,1006.0,North,Smartphone,1,5,287.8601493749887,Cash,5.0
2024-02-06,Charlie Brown,1001.0,West,Keyboard,4,9,407.0273064374065,Debit Card,15.0
2023-07-01,Charlie Brown,1001.0,West,Tablet,2,4,495.74571474656005,Cash,10.0
2024-07-23,Charlie Brown,1001.0,West,Laptop,1,2,140.29295783169255,Credit Card,0.0
2024-02-13,David Lee,1004.0,East,Smartphone,2,3,497.59188870199904,Debit Card,5.0
2023-02-19,David Lee,1004.0,North,Tablet,3,1,90.4154694272483,Credit Card,5.0
2023-02-18,Charlie Brown,1001.0,West,Tablet,3,6,51.04289655716624,Credit Card,5.0
2023-04-08,David Lee,1004.0,North,Smartphone,3,6,69.87287128002407,Debit Card,15.0
2023-07-28,Alice Johnson,1005.0,North,Keyboard,4,1,203.8020821315428,Cash,10.0
2023-12-21,Alice Johnson,,East,Tablet,2,3,334.8078488052953,Credit Card,5.0
2023-05-05,David Lee,1004.0,West,Monitor,3,5,81.06329339953234,Credit Card,5.0
2023-08-31,David Lee,1004.0,West,Tablet,1,3,52.54961653830527,Credit Card,0.0
2023-10-23,Charlie Brown,1001.0,North,Keyboard,3,3,471.69096280645766,Credit Card,0.0
2023-10-20,Bob Smith,,South,Keyboard,3,3,419.8669861729683,Debit Card,10.0
2024-06-04,David Lee,1004.0,East,Monitor,3,5,414.132427012564,Debit Card,10.0
2024-02-04,Alice Johnson,1005.0,East,Tablet,4,5,447.9909239758897,Bank Transfer,
2023-04-20,Charlie Brown,1001.0,East,Keyboard,1,4,365.01542274744696,Bank Transfer,0.0
2024-02-20,David Lee,1004.0,East,Smartphone,2,1,96.98185838663665,Credit Card,
2023-12-09,Alice Johnson,1005.0,West,Laptop,1,5,229.59508463317536,Cash,15.0
2024-05-31,Alice Johnson,1005.0,West,Laptop,2,5,375.4172689090833,Credit Card,
2023-05-02,Bob Smith,1006.0,South,Laptop,4,4,176.1505073561844,Cash,5.0
2023-09-21,Charlie Brown,1001.0,East,Tablet,4,6,359.3328638613069,Credit Card,
2024-02-02,Charlie Brown,,East,Monitor,4,4,61.02430172044356,Bank Transfer,10.0
2023-06-19,Bob Smith,1006.0,North,Keyboard,4,7,187.7618033958169,Bank Transfer,15.0
2023-01-17,Bob Smith,1006.0,West,Smartphone,2,7,297.1086513247277,Cash,5.0
2023-02-04,Charlie Brown,1001.0,East,Smartphone,3,2,334.44042327780903,Credit Card,
2024-01-13,Charlie Brown,1001.0,South,Tablet,2,3,309.66829900785984,Cash,15.0
2024-08-11,David Lee,1004.0,South,Laptop,1,1,363.9903242330433,Bank Transfer,15.0
2024-06-07,David Lee,1004.0,West,Tablet,4,8,52.73993670792758,Credit Card,5.0
2023-12-29,Bob Smith,1006.0,South,Monitor,4,9,95.42353998988467,Credit Card,
2023-02-06,David Lee,1004.0,South,Monitor,1,4,441.02491352561526,Cash,15.0
2023-01-04,Alice Johnson,1005.0,West,Keyboard,2,6,356.78688984057254,Debit Card,15.0
2024-05-13,David Lee,1004.0,East,Keyboard,3,9,100.81923920870508,Cash,0.0
2024-06-23,David Lee,1004.0,East,Monitor,3,6,428.9334968293607,Bank Transfer,15.0
2023-04-28,Alice Johnson,1005.0,South,Monitor,1,9,159.0040480210551,Bank Transfer,0.0
2024-04-20,Bob Smith,1006.0,South,Monitor,3,4,265.2169478878505,Bank Transfer,
2023-10-29,Alice Johnson,1005.0,East,Tablet,2,8,115.33843079809714,Bank Transfer,
2023-01-11,David Lee,1004.0,West,Monitor,2,9,369.549525389768,Bank Transfer,
2023-06-23,Bob Smith,1006.0,South,Smartphone,1,4,350.08448945642056,Debit Card,10.0
2024-04-27,David Lee,1004.0,North,Laptop,2,5,145.00061202476127,Credit Card,
2023-04-26,Alice Johnson,1005.0,West,Monitor,4,8,438.5303450856508,Cash,15.0
2024-05-25,Alice Johnson,1005.0,South,Laptop,1,6,230.58771089887048,Cash,5.0
2023-03-03,David Lee,1004.0,South,Tablet,2,7,181.6317909818338,Bank Transfer,0.0
2023-08-20,Charlie Brown,1001.0,North,Laptop,1,3,118.54831525904096,Cash,10.0
2023-09-22,Charlie Brown,1001.0,North,Tablet,3,7,169.77560563199185,Bank Transfer,
2024-06-12,Alice Johnson,1005.0,East,Smartphone,2,8,59.91211455071765,Debit Card,
2024-03-13,Alice Johnson,1005.0,West,Tablet,4,6,312.465871605252,Debit Card,5.0
2024-06-11,Charlie Brown,1001.0,West,Tablet,2,9,429.0038358547766,Credit Card,5.0
2023-12-10,Charlie Brown,1001.0,East,Keyboard,1,6,297.04120224873884,Debit Card,10.0
2024-05-15,David Lee,1004.0,West,Monitor,1,9,148.67328286574406,Debit Card,0.0
2024-07-24,David Lee,1004.0,West,Monitor,2,4,65.15113019624272,Credit Card,
2024-01-01,Charlie Brown,1001.0,West,Smartphone,4,8,146.5826329664613,Cash,10.0
2023-04-13,David Lee,1004.0,West,Smartphone,4,4,237.25464263199157,Bank Transfer,15.0
2023-12-20,David Lee,1004.0,West,Monitor,4,2,391.8251429149085,Bank Transfer,15.0
2024-06-25,Bob Smith,1006.0,North,Keyboard,1,9,134.52928364199835,Cash,10.0
2024-05-08,David Lee,1004.0,West,Monitor,2,5,373.9061540096087,Credit Card,
2024-03-10,Alice Johnson,1005.0,North,Keyboard,3,4,440.1200607583477,Cash,10.0
2023-04-19,David Lee,1004.0,West,Smartphone,1,2,254.27608164876068,Debit Card,
2024-04-29,David Lee,1004.0,East,Laptop,4,1,419.64439623916695,Credit Card,5.0
2023-11-07,Charlie Brown,1001.0,South,Smartphone,2,7,299.595806615793,Credit Card,10.0
2024-04-22,Alice Johnson,1005.0,North,Smartphone,4,6,336.69087668640725,Credit Card,
2023-05-16,David Lee,1004.0,West,Tablet,3,2,286.8253071521912,Bank Transfer,10.0
2023-03-26,David Lee,1004.0,East,Tablet,4,8,258.4277225381038,Cash,10.0
2024-08-20,Bob Smith,1006.0,South,Tablet,4,4,155.59404879913222,Credit Card,
2023-09-01,David Lee,1004.0,North,Tablet,3,8,186.43732675747071,Credit Card,
2023-12-04,David Lee,,South,Keyboard,2,7,180.48655352462407,Credit Card,0.0
2023-03-07,Bob Smith,1006.0,East,Monitor,1,5,303.4800189292166,Cash,10.0
2023-03-06,Charlie Brown,1001.0,North,Laptop,2,8,103.97916186075048,Bank Transfer,15.0
2024-01-28,David Lee,1004.0,South,Smartphone,3,9,462.5562608160508,Debit Card,10.0
2023-09-30,Bob Smith,1006.0,West,Keyboard,4,5,374.29481537740094,Bank Transfer,10.0
2024-06-28,Alice Johnson,1005.0,North,Laptop,2,5,230.65053391093716,Credit Card,
2023-02-05,Charlie Brown,1001.0,South,Keyboard,1,2,121.38086503687008,Bank Transfer,10.0
2023-09-06,Alice Johnson,1005.0,East,Keyboard,3,5,446.89647637473615,Bank Transfer,10.0
2024-01-10,Alice Johnson,1005.0,East,Smartphone,2,3,420.70014054552433,Debit Card,15.0
2023-02-13,Bob Smith,1006.0,North,Monitor,1,7,374.7746987227307,Cash,
2023-02-10,David Lee,1004.0,South,Tablet,3,5,172.19617133505906,Cash,10.0
2023-10-18,Bob Smith,1006.0,North,Monitor,1,8,231.10098684515103,Bank Transfer,5.0
2023-05-04,Bob Smith,1006.0,North,Smartphone,3,1,96.23671360359052,Bank Transfer,0.0
2023-01-30,Bob Smith,1006.0,South,Smartphone,4,3,135.06778612738927,Cash,15.0
2023-05-03,Bob Smith,1006.0,South,Smartphone,2,3,402.3574867925298,Cash,10.0
2023-06-07,Charlie Brown,1001.0,West,Laptop,1,9,371.7674234828077,Debit Card,5.0
2024-02-18,David Lee,1004.0,South,Monitor,3,5,317.0685933391706,Credit Card,10.0
2024-05-14,Alice Johnson,1005.0,East,Monitor,1,9,453.0770266667778,Bank Transfer,10.0
2024-04-06,Alice Johnson,1005.0,North,Keyboard,1,9,312.4699330158704,Cash,
2023-01-10,David Lee,1004.0,North,Keyboard,2,1,260.13559998362484,Bank Transfer,
2024-06-17,Alice Johnson,1005.0,East,Keyboard,4,2,203.16683583759325,Bank Transfer,
2023-06-15,David Lee,1004.0,South,Smartphone,1,5,473.20182758127766,Cash,5.0
2023-11-03,Alice Johnson,1005.0,East,Monitor,3,4,87.22195768595907,Debit Card,10.0
2023-01-01,Bob Smith,1006.0,East,Smartphone,3,9,468.89931742736377,Bank Transfer,0.0
2024-05-27,Alice Johnson,1005.0,West,Laptop,4,7,422.0215969689583,Debit Card,15.0
2024-02-03,David Lee,1004.0,East,Keyboard,3,6,108.46846604106558,Cash,
2024-06-13,David Lee,1004.0,North,Smartphone,4,7,304.2429609538641,Credit Card,
2023-03-24,David Lee,1004.0,East,Smartphone,3,1,439.9465917870891,Credit Card,10.0
2024-03-26,David Lee,1004.0,North,Laptop,2,1,307.3141236232192,Bank Transfer,10.0
2023-07-11,David Lee,1004.0,North,Tablet,1,8,458.23991970228,Cash,5.0
2024-05-04,Charlie Brown,1001.0,North,Monitor,2,2,474.3427175672191,Debit Card,5.0
2023-04-12,Charlie Brown,1001.0,South,Tablet,1,9,240.07303498293768,Bank Transfer,
2023-11-08,Alice Johnson,1005.0,West,Keyboard,1,7,219.7911476328456,Cash,10.0
2024-03-30,David Lee,1004.0,North,Smartphone,1,6,471.3445192861205,Cash,0.0
2023-11-24,Alice Johnson,1005.0,North,Laptop,2,1,353.81302751735063,Debit Card,15.0
2024-03-06,David Lee,1004.0,South,Laptop,1,1,102.21020660667618,Bank Transfer,10.0
2023-06-02,David Lee,1004.0,North,Monitor,2,2,69.03128715020654,Cash,10.0
2023-11-17,Charlie Brown,,East,Tablet,4,6,304.0830729487684,Cash,5.0
2024-03-21,Charlie Brown,1001.0,East,Monitor,3,6,468.5769344472911,Cash,15.0
2023-02-24,Bob Smith,1006.0,West,Smartphone,3,2,429.9119160826183,Debit Card,
2023-09-17,Charlie Brown,1001.0,North,Monitor,1,1,354.1314859089514,Bank Transfer,10.0
2023-04-02,Bob Smith,1006.0,South,Laptop,2,5,112.6021320009894,Bank Transfer,
2024-01-26,Bob Smith,1006.0,East,Laptop,3,5,164.404122686913,Bank Transfer,10.0
2023-09-14,Bob Smith,1006.0,South,Keyboard,2,2,443.98005194867727,Bank Transfer,
2024-05-21,Bob Smith,1006.0,South,Keyboard,2,6,132.26325649560522,Credit Card,15.0
2024-01-04,Bob Smith,1006.0,East,Smartphone,1,9,175.29773371269556,Credit Card,5.0
2024-03-24,Alice Johnson,1005.0,South,Tablet,3,2,108.32029303794889,Bank Transfer,15.0
2024-04-16,Charlie Brown,1001.0,East,Monitor,1,2,354.248704136485,Debit Card,0.0
2023-01-02,Bob Smith,1006.0,South,Smartphone,1,3,474.7920374134443,Credit Card,5.0
2023-08-21,David Lee,1004.0,East,Keyboard,3,7,171.0356142179237,Cash,15.0
2024-07-09,Charlie Brown,1001.0,North,Monitor,3,6,263.9329735325332,Credit Card,0.0
2023-08-11,Charlie Brown,1001.0,West,Keyboard,4,8,335.45288287004195,Cash,10.0
2023-05-31,Bob Smith,1006.0,East,Monitor,4,8,499.7598116970338,Bank Transfer,10.0
2024-06-10,Alice Johnson,1005.0,East,Tablet,2,6,97.16362924890744,Credit Card,
2023-06-24,Bob Smith,1006.0,West,Smartphone,3,3,274.3568597775691,Debit Card,5.0
2023-11-25,Alice Johnson,1005.0,East,Monitor,4,3,223.30405395612505,Credit Card,10.0
2024-01-29,David Lee,1004.0,East,Laptop,2,1,439.6190743500598,Credit Card,5.0
2023-05-17,Charlie Brown,1001.0,South,Laptop,2,7,264.1854789552451,Credit Card,10.0
2024-01-20,David Lee,1004.0,West,Monitor,2,5,99.93988606331664,Bank Transfer,
2024-06-05,Alice Johnson,1005.0,North,Monitor,4,4,335.4908653789626,Debit Card,15.0
2024-03-29,Alice Johnson,1005.0,East,Monitor,3,4,396.8512782187459,Credit Card,
2023-12-16,David Lee,1004.0,West,Laptop,1,4,51.29656324952656,Debit Card,0.0
2023-02-28,Alice Johnson,1005.0,South,Laptop,2,6,436.53050843928327,Bank Transfer,10.0
2024-01-05,David Lee,1004.0,North,Monitor,4,8,133.71035000254955,Cash,0.0
2024-04-30,Charlie Brown,1001.0,West,Keyboard,4,8,298.43121409402005,Credit Card,0.0
2023-01-06,David Lee,1004.0,North,Keyboard,1,5,237.10887530935256,Debit Card,5.0
2024-05-06,Charlie Brown,1001.0,North,Tablet,1,6,373.8442174747387,Debit Card,10.0
2023-10-11,David Lee,1004.0,North,Smartphone,4,4,217.02272665358385,Bank Transfer,0.0
2023-05-09,Alice Johnson,1005.0,East,Keyboard,3,9,441.39342950676985,Credit Card,15.0
2024-07-15,David Lee,1004.0,East,Laptop,1,8,378.7233624314556,Cash,0.0
2023-08-28,Alice Johnson,1005.0,South,Keyboard,4,1,341.47092697831465,Debit Card,15.0
2024-04-28,David Lee,1004.0,South,Tablet,1,2,408.30826800328447,Credit Card,5.0
2023-07-15,David Lee,1004.0,West,Tablet,3,9,389.310365717772,Cash,0.0
2023-07-17,Bob Smith,1006.0,South,Smartphone,2,8,66.172403714699,Debit Card,
2024-06-08,Alice Johnson,1005.0,North,Keyboard,1,3,227.63045923017265,Debit Card,5.0
2023-11-02,Bob Smith,1006.0,North,Laptop,3,8,468.8632837924204,Cash,15.0
2024-06-03,Alice Johnson,1005.0,East,Laptop,4,1,106.5759210465018,Cash,5.0
2024-07-26,Bob Smith,1006.0,North,Monitor,1,4,381.6934476944231,Bank Transfer,0.0
2024-05-30,Charlie Brown,1001.0,West,Laptop,1,3,488.5663151008984,Credit Card,10.0
2024-07-01,David Lee,1004.0,North,Smartphone,4,6,73.48938307023724,Credit Card,10.0
2023-11-18,Alice Johnson,1005.0,North,Smartphone,2,7,356.9872462819747,Bank Transfer,15.0
2023-03-20,Alice Johnson,1005.0,West,Laptop,4,4,260.66936358546366,Debit Card,15.0
2023-02-26,David Lee,1004.0,South,Laptop,1,7,310.62886491862497,Cash,10.0
2024-03-16,Alice Johnson,1005.0,South,Monitor,4,9,88.40360141794619,Cash,15.0
2023-01-25,Alice Johnson,1005.0,West,Laptop,3,2,69.35312834012277,Cash,5.0
2024-01-22,Bob Smith,,East,Monitor,4,3,350.0899972479148,Debit Card,
2024-07-04,Alice Johnson,1005.0,North,Monitor,1,5,420.48924341932303,Cash,
2023-09-10,Charlie Brown,1001.0,West,Laptop,4,3,401.9069007198353,Cash,5.0
2023-09-18,Charlie Brown,1001.0,North,Tablet,2,8,294.71257753980683,Bank Transfer,
2023-03-12,David Lee,1004.0,East,Tablet,4,8,94.94006951128016,Debit Card,0.0
2023-04-23,Alice Johnson,1005.0,North,Monitor,2,8,359.61999972620623,Credit Card,5.0
2023-07-05,David Lee,1004.0,West,Laptop,3,9,158.84999759936568,Bank Transfer,15.0
2023-07-24,Charlie Brown,1001.0,North,Tablet,2,4,459.98091624532265,Bank Transfer,5.0
2023-10-26,Alice Johnson,1005.0,South,Laptop,4,5,427.2194117955672,Credit Card,10.0
2024-07-31,Alice Johnson,1005.0,East,Laptop,1,5,369.2223351893259,Bank Transfer,15.0
2023-08-08,David Lee,1004.0,East,Laptop,2,8,476.9806801240087,Debit Card,10.0
2023-10-27,Charlie Brown,1001.0,East,Keyboard,3,7,64.13981968007282,Cash,15.0
2024-01-18,Alice Johnson,1005.0,West,Laptop,2,9,381.2901912773429,Debit Card,
2023-05-15,David Lee,1004.0,East,Keyboard,2,8,198.6092507013824,Credit Card,5.0
2023-10-03,Charlie Brown,1001.0,South,Monitor,2,2,457.7296485588644,Credit Card,0.0
2023-10-15,David Lee,1004.0,West,Tablet,3,4,170.00383849788992,Bank Transfer,15.0
2024-01-17,Bob Smith,1006.0,South,Tablet,4,6,376.1854246917577,Debit Card,15.0
2023-05-07,Alice Johnson,1005.0,North,Tablet,2,2,444.9411588428516,Debit Card,10.0
2024-08-17,Bob Smith,,North,Tablet,2,7,68.7455682722071,Credit Card,
2023-09-29,Charlie Brown,1001.0,North,Tablet,1,3,228.9414108164163,Debit Card,10.0
2023-05-27,Bob Smith,1006.0,North,Tablet,3,3,393.0390644098724,Credit Card,10.0
2024-04-14,Bob Smith,1006.0,South,Tablet,2,2,254.7135002784142,Debit Card,
2024-02-10,Charlie Brown,1001.0,West,Monitor,3,8,170.2636834071179,Debit Card,0.0
2024-05-26,David Lee,,West,Laptop,2,6,148.9124069704355,Debit Card,10.0
2023-08-06,Bob Smith,1006.0,East,Smartphone,4,1,109.18322011237008,Credit Card,10.0
2023-11-19,David Lee,1004.0,South,Keyboard,4,1,435.70830193532703,Bank Transfer,15.0
2023-08-05,Bob Smith,1006.0,North,Smartphone,2,7,308.90993146320017,Debit Card,
2023-03-09,David Lee,1004.0,South,Smartphone,4,8,84.37322524615519,Credit Card,5.0
2023-10-02,Charlie Brown,1001.0,East,Laptop,2,5,222.16114560678596,Credit Card,0.0
2024-02-15,Bob Smith,1006.0,East,Laptop,4,5,215.48014286229943,Debit Card,0.0
2023-11-20,Charlie Brown,1001.0,South,Laptop,1,4,131.78263581925836,Debit Card,
2024-08-12,Bob Smith,1006.0,South,Tablet,1,6,245.97843146248584,Bank Transfer,15.0
2023-08-23,Charlie Brown,1001.0,South,Monitor,1,6,199.4447144269114,Credit Card,15.0
2023-02-27,Charlie Brown,1001.0,West,Tablet,3,3,203.8116674714821,Credit Card,
2023-11-29,Bob Smith,1006.0,North,Monitor,3,9,382.5619510045814,Cash,15.0
2023-08-13,Bob Smith,1006.0,South,Monitor,1,7,150.46852347733835,Credit Card,0.0
2023-10-04,Bob Smith,1006.0,South,Smartphone,3,1,338.8369814849099,Bank Transfer,0.0
2024-01-24,Alice Johnson,1005.0,South,Smartphone,4,7,306.7923307464207,Cash,5.0
2024-04-18,David Lee,1004.0,East,Monitor,2,5,305.6416305520403,Cash,
2023-06-17,Alice Johnson,1005.0,East,Monitor,2,5,348.35330576379914,Cash,10.0
2024-08-19,Alice Johnson,1005.0,West,Tablet,2,2,296.7719162880443,Debit Card,10.0
2023-06-25,Charlie Brown,1001.0,North,Tablet,1,4,445.6648016808731,Debit Card,5.0
2023-03-15,Bob Smith,1006.0,West,Smartphone,3,6,354.0110413776169,Credit Card,5.0
2023-10-01,David Lee,1004.0,North,Laptop,4,7,296.1334631171246,Cash,15.0
2023-08-03,Charlie Brown,1001.0,East,Monitor,4,5,423.39340412944017,Bank Transfer,5.0
2023-12-30,Alice Johnson,1005.0,East,Tablet,1,9,322.7659542200659,Debit Card,5.0
2024-01-15,Bob Smith,1006.0,East,Smartphone,4,3,181.01491150333052,Bank Transfer,10.0
2023-06-16,Charlie Brown,1001.0,West,Tablet,4,1,143.19271317945703,Bank Transfer,15.0
2024-01-09,Bob Smith,1006.0,South,Monitor,4,4,118.54750354820546,Debit Card,5.0
2024-04-09,Charlie Brown,1001.0,South,Monitor,4,9,454.7548456457457,Debit Card,5.0
2024-07-25,Bob Smith,1006.0,East,Keyboard,3,4,369.5609443091296,Debit Card,15.0
2024-07-19,Alice Johnson,1005.0,South,Laptop,4,2,471.8202971739444,Debit Card,
2023-04-14,David Lee,1004.0,South,Keyboard,2,5,321.48131257172435,Cash,15.0
2024-08-08,Alice Johnson,1005.0,West,Smartphone,1,3,263.03039667271065,Cash,10.0
2023-03-23,David Lee,,North,Tablet,3,9,76.8724200369002,Cash,
2023-10-24,Bob Smith,1006.0,East,Smartphone,4,4,352.2390266957134,Cash,0.0
2023-08-22,Charlie Brown,1001.0,East,Monitor,3,6,311.99394189570404,Credit Card,15.0
2023-02-16,Alice Johnson,1005.0,West,Keyboard,4,2,495.59400211442966,Cash,10.0
2023-03-13,David Lee,1004.0,West,Keyboard,2,6,157.62145000200937,Debit Card,
2023-07-16,Alice Johnson,1005.0,South,Keyboard,1,3,288.8318098790761,Bank Transfer,15.0
2024-01-06,David Lee,1004.0,East,Smartphone,4,9,342.9308008031327,Cash,5.0
2023-10-28,Alice Johnson,1005.0,North,Monitor,4,2,340.06602863405465,Credit Card,15.0
2023-03-22,David Lee,1004.0,West,Tablet,4,9,302.5820943267812,Debit Card,0.0
2024-01-23,David Lee,1004.0,North,Tablet,4,5,399.6176046472515,Bank Transfer,15.0
2023-05-08,Bob Smith,1006.0,North,Smartphone,1,8,142.24154428706737,Bank Transfer,
2024-07-03,David Lee,1004.0,East,Keyboard,1,2,376.5322401234872,Cash,
2024-04-15,Bob Smith,,East,Laptop,2,6,328.88055714489013,Bank Transfer,15.0
2023-02-14,David Lee,1004.0,West,Smartphone,1,3,453.233800307558,Cash,
2023-09-28,Charlie Brown,1001.0,East,Smartphone,4,5,431.23749756511177,Cash,5.0
2023-12-19,Charlie Brown,1001.0,East,Monitor,2,8,191.81616760964897,Debit Card,15.0
2024-01-03,Charlie Brown,1001.0,East,Tablet,2,1,174.3067962388189,Debit Card,5.0
2023-04-10,David Lee,1004.0,North,Smartphone,2,5,491.7439957336016,Credit Card,5.0
2024-01-25,Bob Smith,,West,Smartphone,4,3,287.26933141186544,Debit Card,10.0
2023-04-05,Bob Smith,1006.0,South,Keyboard,3,4,457.88943376149655,Debit Card,15.0
2024-08-16,David Lee,1004.0,North,Keyboard,4,2,123.746460701217,Cash,
2023-12-11,Charlie Brown,1001.0,East,Laptop,1,9,339.26851166007845,Debit Card,5.0
2023-08-09,Charlie Brown,1001.0,North,Monitor,1,3,414.4370843122638,Cash,10.0
2023-06-09,Bob Smith,1006.0,East,Laptop,4,2,476.32786231390105,Cash,15.0
2024-07-30,Charlie Brown,1001.0,East,Keyboard,4,9,201.80306345766056,Debit Card,15.0
2023-12-15,Alice Johnson,1005.0,North,Tablet,2,7,376.2415264658236,Credit Card,0.0
2024-08-13,Bob Smith,1006.0,West,Keyboard,4,6,292.46585406782856,Credit Card,0.0
2023-06-13,Charlie Brown,1001.0,East,Monitor,2,1,77.28301672991068,Bank Transfer,5.0
2023-01-07,Bob Smith,,West,Keyboard,1,5,360.4998817890245,Bank Transfer,0.0
2023-10-12,Alice Johnson,1005.0,South,Monitor,2,3,360.54345120702953,Debit Card,5.0
2024-04-04,Bob Smith,1006.0,East,Monitor,4,1,468.7730621809417,Credit Card,
2023-08-14,Bob Smith,1006.0,West,Monitor,1,4,273.7906007760376,Cash,5.0
2024-03-05,Bob Smith,1006.0,West,Monitor,3,2,153.6129143197316,Bank Transfer,0.0
2024-08-15,Bob Smith,1006.0,South,Monitor,2,2,70.05372055190563,Cash,
2023-07-23,Alice Johnson,1005.0,West,Tablet,1,3,237.0389840086576,Bank Transfer,0.0
2024-07-28,David Lee,1004.0,West,Laptop,2,8,185.86251503487583,Debit Card,5.0
2023-01-28,Bob Smith,1006.0,South,Smartphone,1,8,392.489737710744,Credit Card,10.0
2024-06-01,Bob Smith,1006.0,East,Laptop,1,7,209.42049417847096,Bank Transfer,15.0
2023-08-27,Charlie Brown,1001.0,West,Monitor,2,6,477.0820383416798,Credit Card,0.0
2023-08-12,Bob Smith,1006.0,West,Tablet,3,9,483.0395913445029,Cash,5.0
2023-04-06,Charlie Brown,1001.0,West,Keyboard,1,4,329.4088655979686,Debit Card,
2023-01-31,David Lee,1004.0,North,Tablet,1,1,467.8971291566973,Credit Card,0.0
2023-02-02,Alice Johnson,1005.0,South,Monitor,1,8,392.38445503152303,Debit Card,0.0
2024-03-08,Alice Johnson,1005.0,North,Tablet,3,7,296.0868384388068,Credit Card,15.0
2023-03-31,David Lee,1004.0,South,Tablet,3,7,131.13857094025013,Cash,5.0
2024-07-12,Alice Johnson,1005.0,East,Monitor,4,3,256.369074581228,Cash,10.0
2023-04-15,David Lee,1004.0,East,Tablet,2,4,302.39350851317795,Debit Card,
2023-05-23,David Lee,,West,Smartphone,3,9,438.7827113307546,Cash,5.0
2023-08-17,David Lee,1004.0,South,Smartphone,2,6,266.6000194410492,Bank Transfer,
2023-09-08,Alice Johnson,1005.0,East,Tablet,4,5,453.95360270508047,Credit Card,0.0
2023-10-09,Charlie Brown,1001.0,South,Keyboard,2,3,353.457040560561,Cash,15.0
2023-01-26,David Lee,1004.0,East,Monitor,3,9,111.64957837415211,Bank Transfer,15.0
2023-04-25,Bob Smith,1006.0,North,Smartphone,2,5,497.74161619629183,Debit Card,10.0
2023-12-07,David Lee,1004.0,East,Laptop,3,3,291.65336975811124,Cash,15.0
2023-10-18,Bob Smith,1006.0,North,Monitor,1,8,231.10098684515103,Bank Transfer,5.0
2024-01-25,Bob Smith,,West,Smartphone,4,3,287.26933141186544,Debit Card,10.0
2023-07-27,David Lee,1004.0,East,Tablet,2,4,111.88569866765692,Cash,10.0
2023-01-20,Charlie Brown,1001.0,West,Keyboard,3,9,229.7159367776109,Bank Transfer,5.0
2024-07-27,Bob Smith,1006.0,East,Keyboard,4,4,433.6510018556991,Cash,10.0
2023-04-03,Charlie Brown,1001.0,North,Keyboard,4,6,126.08648166019664,Bank Transfer,0.0
2023-12-16,David Lee,1004.0,West,Laptop,1,4,51.29656324952656,Debit Card,0.0
2023-09-12,Charlie Brown,1001.0,North,Tablet,4,4,203.36706490543096,Credit Card,0.0
2023-02-18,Charlie Brown,1001.0,West,Tablet,3,6,51.04289655716624,Credit Card,5.0
2023-08-07,David Lee,1004.0,South,Laptop,3,9,289.0924342556266,Credit Card,
2023-11-21,David Lee,1004.0,South,Laptop,1,4,148.32942545935862,Cash,
2024-07-14,Charlie Brown,1001.0,West,Tablet,1,1,315.8903485719687,Credit Card,10.0
2023-01-31,David Lee,1004.0,North,Tablet,1,1,467.8971291566973,Credit Card,0.0
2024-01-13,Charlie Brown,1001.0,South,Tablet,2,3,309.66829900785984,Cash,15.0
2023-05-20,David Lee,1004.0,West,Smartphone,3,2,143.988831817583,Credit Card,
2023-11-13,Alice Johnson,1005.0,East,Smartphone,4,6,329.6050237640883,Debit Card,15.0
2023-09-03,Alice Johnson,1005.0,North,Monitor,4,5,475.9899952970958,Cash,
2023-05-24,Alice Johnson,1005.0,North,Monitor,4,3,147.22311425525925,Bank Transfer,5.0
2023-01-09,Bob Smith,1006.0,South,Tablet,1,6,109.26204731241734,Bank Transfer,10.0
2024-03-04,Alice Johnson,1005.0,West,Keyboard,4,6,456.6235299560578,Cash,0.0
2023-04-06,Charlie Brown,1001.0,West,Keyboard,1,4,329.4088655979686,Debit Card,
2023-03-15,Bob Smith,1006.0,West,Smartphone,3,6,354.0110413776169,Credit Card,5.0
2023-09-08,Alice Johnson,1005.0,East,Tablet,4,5,453.95360270508047,Credit Card,0.0
2023-02-04,Charlie Brown,1001.0,East,Smartphone,3,2,334.44042327780903,Credit Card,
2024-01-15,Bob Smith,1006.0,East,Smartphone,4,3,181.01491150333052,Bank Transfer,10.0
2024-07-17,Alice Johnson,1005.0,East,Keyboard,3,8,61.31388122477273,Bank Transfer,10.0
2024-03-22,Alice Johnson,1005.0,South,Smartphone,3,2,378.4371389818153,Debit Card,15.0
2024-01-23,David Lee,1004.0,North,Tablet,4,5,399.6176046472515,Bank Transfer,15.0
2023-07-11,David Lee,1004.0,North,Tablet,1,8,458.23991970228,Cash,5.0
2023-08-17,David Lee,1004.0,South,Smartphone,2,6,266.6000194410492,Bank Transfer,
2023-08-10,David Lee,1004.0,South,Laptop,2,4,340.9025405560731,Cash,15.0
2023-04-17,Alice Johnson,1005.0,North,Smartphone,1,5,250.36075052815468,Bank Transfer,0.0
2023-02-07,Bob Smith,1006.0,West,Tablet,4,1,289.5158890170393,Cash,
2024-02-07,Alice Johnson,1005.0,West,Keyboard,3,2,294.1404658395131,Bank Transfer,10.0
2024-01-04,Bob Smith,1006.0,East,Smartphone,1,9,175.29773371269556,Credit Card,5.0
2024-03-19,Alice Johnson,1005.0,East,Smartphone,2,1,468.2420125129013,Debit Card,0.0
2024-02-10,Charlie Brown,1001.0,West,Monitor,3,8,170.2636834071179,Debit Card,0.0
2024-03-30,David Lee,1004.0,North,Smartphone,1,6,471.3445192861205,Cash,0.0
2023-12-03,David Lee,1004.0,West,Tablet,4,5,143.28905143440107,Credit Card,
2023-09-21,Charlie Brown,1001.0,East,Tablet,4,6,359.3328638613069,Credit Card,
2023-03-01,David Lee,1004.0,East,Tablet,2,1,491.8094119672824,Debit Card,15.0
2023-05-15,David Lee,1004.0,East,Keyboard,2,8,198.6092507013824,Credit Card,5.0
2023-06-09,Bob Smith,1006.0,East,Laptop,4,2,476.32786231390105,Cash,15.0
2023-10-06,David Lee,1004.0,North,Smartphone,2,2,368.4597468487784,Cash,10.0
2023-01-29,Bob Smith,1006.0,East,Smartphone,4,2,459.5605865519604,Cash,10.0
2023-01-06,David Lee,1004.0,North,Keyboard,1,5,237.10887530935256,Debit Card,5.0
2024-01-12,Bob Smith,1006.0,South,Smartphone,3,5,262.8371057429796,Debit Card,5.0
2024-01-30,Alice Johnson,1005.0,East,Smartphone,1,3,163.53826242773297,Debit Card,5.0
2023-02-26,David Lee,1004.0,South,Laptop,1,7,310.62886491862497,Cash,10.0
2024-06-30,Bob Smith,1006.0,North,Monitor,1,3,263.3028928174201,Debit Card,
2023-05-10,Alice Johnson,1005.0,South,Monitor,3,7,295.42150454823616,Cash,10.0
2024-03-28,Bob Smith,1006.0,West,Smartphone,2,1,157.48549718086744,Bank Transfer,5.0
2023-03-22,David Lee,1004.0,West,Tablet,4,9,302.5820943267812,Debit Card,0.0
2023-03-31,David Lee,1004.0,South,Tablet,3,7,131.13857094025013,Cash,5.0
2023-10-20,Bob Smith,,South,Keyboard,3,3,419.8669861729683,Debit Card,10.0
2023-07-03,Alice Johnson,1005.0,South,Keyboard,1,6,340.58322954302554,Bank Transfer,
2024-01-27,Alice Johnson,1005.0,South,Tablet,3,8,319.4115810435938,Cash,0.0
2024-07-13,Alice Johnson,1005.0,South,Laptop,4,5,351.9243521341285,Debit Card,5.0
2023-01-12,Bob Smith,1006.0,South,Tablet,2,8,151.8255986964043,Cash,10.0
